{"name":"Extjs ol3 layercontrol","tagline":"Open Layers 3, adding a layer control using the extjs treepanel api","body":"# openlayers 3 .Layer tree panel using extjs 5.1\r\n\r\n\r\n## Synopsis\r\n\r\nAdding a layer control using the extjs treepanel api.\r\n\r\nBuild on ol3 v3.10.1 and extjs 5.1 versions\r\n\r\nVersion 0.1\r\n\r\n## Supported Functionality\r\n\r\n\r\n1. drag and drop within group of layers and accossiated layer ordering on map\r\n2. check box to toggle layer visibility\r\n3. associated icons next to layer name for loadstart, loadend, loaderror events\r\n4. Add and remove layers dynamically  (working on it)\r\n5. icons before layer name for the legend style\r\n6. drag treepanel\r\n\r\n\r\n## Code Example\r\nexample here\r\n\r\n[first example](http://ptsagkis.github.io/extjs_ol3_layercontrol/example.html)\r\n\r\n[mininalistic example](http://ptsagkis.github.io/extjs_ol3_layercontrol/example0_minimalistic.html)\r\n\r\n[example with options](http://ptsagkis.github.io/extjs_ol3_layercontrol/example1_withoptions.html)\r\n\r\n[with other controls](http://ptsagkis.github.io/extjs_ol3_layercontrol/example2_morecontrols.html)\r\n\r\n[switching themes](http://ptsagkis.github.io/extjs_ol3_layercontrol/example3_themes.html)\r\n\r\n[legend icons from geoserver](http://ptsagkis.github.io/extjs_ol3_layercontrol/example3.html)\r\n\r\n[dynamic add preconfigured layers](http://ptsagkis.github.io/extjs_ol3_layercontrol/example4_dynamic_add_layer.html)\r\n\r\nyour html:\r\n\r\n          <div class='laycntrl-wrapper'>\r\n          <div id=\"map\" style=\"height:50%\" ></div>\r\n          </div>\r\n\r\n\r\nyour javascript:\r\n\r\n      \r\n      \r\n      new ol.control.LayerControl({\r\n         title           : \"Layer Management\",    //the title on top of the tree panel\r\n         draggable       : true,                  //true||false treepanel is drggable or not\r\n         width           : 250,                   //width of the tree panel\r\n         mapdivid        : 'map',                 //div element of map\r\n         mapconstrained  : true                   //true||false treepanel contstrained to mapdiv element \r\n         hidden          : true                   //true||false treepanel should be visible or not at start up\r\n         lang            : 'en'                   //laguage to use for abbrevations . default is 'en'\r\n      })\r\n      \r\nand then for every layer you want to use it \r\nasign an extra object {lyrControlOpt} during layer initiliasation\r\nlike so:\r\n      \r\n      new ol.layer.Tile({  \r\n        title:\"OSM Layer\",\r\n        source: new ol.source.OSM(),\r\n        lyrControlOpt : {\r\n           legendGroup : 'Tile Layers',               // tree group this layer belongs to. A parent tree node will be created for each group found\r\n           legendnodeid: 'osmid',                     //this must be unique for every layer added\r\n           legendTitle : \"Open Street Map\",           //Title of tree node\r\n           legendImgUrl: \"https://encrypted-tbn2.gstatic.com/images?q=tbn:ANd9GcQuc6e1CN-FTgOjxnG0YLjQ-vxQ4T9jHXdhimbTHn1NmbXxzDJa\"  //a url for the image next to title\r\n        }\r\n      }\r\n\r\n\r\n## Motivation\r\n\r\nA short description of the motivation behind the creation and maintenance of the project. This should explain **why** the project exists.\r\n\r\n## Installation\r\n\r\nyou need to include the following extjs files within the header of you html page\r\nthese are:\r\n\r\n1. https://extjs.cachefly.net/ext/gpl/5.1.0/packages/ext-theme-classic/build/resources/ext-theme-classic-all-debug.css\r\n\r\n2. http://cdn.sencha.com/ext/gpl/5.1.0/build/ext-all-debug.js\r\n\r\nand the load your ol3 files as usual\r\n\r\n\r\n## API Reference\r\n\r\nDepending on the size of the project, if it is small and simple enough the reference docs can be added to the README. For medium size to larger projects it is important to at least provide a link to where the API reference docs live.\r\n\r\n## Tests\r\n\r\nDescribe and show how to run the tests with code examples.\r\n\r\n## Contributors\r\n\r\nLet people know how they can dive into the project, include important links to things like issue trackers, irc, twitter accounts if applicable.\r\n\r\n## License\r\n\r\nA short snippet describing the license (MIT, Apache, etc.)\r\n","google":"","note":"Don't delete this file! It's used internally to help with page regeneration."}